EmployeeCode;Name;Department;Location;DateOfJoining
19990419-0981;Reanna Mcevoy;Customer Service;Stockholms län;2003-12-12
19470621-7058;Johana Lakes;Customer Relations;Stockholms län;2018-04-10
19130421-0576;Mariano Kong;Payroll;Västra Götalands län;2008-09-19
19801029-6245;Hector Nee;Advertising;E;2000-05-04
19290714-2489;Florencia Grosso;Customer Service;O;2001-05-04
19440213-7824;Shanika Hausman;Asset Management;F;2001-07-19
19080408-2170;Melia Wolbert;Quality Assurance;Stockholms län;2004-05-17
19450414-0114;Karol Bucy;Customer Relations;Jönköpings län;2004-07-18
19790318-5419;Norris Renner;Quality Assurance;Västra Götalands län;2014-07-12
19671009-7004;Maricruz Tallman;Sales and Marketing;E;2003-10-19
19990110-1023;Shay Grace;Customer Service;E;2008-02-15
19650922-7747;Julissa Bopp;Asset Management;Gävleborgs län;2009-11-02
19480515-1133;Leticia Senegal;Asset Management;Dalarnas län;2017-07-27
19520626-8483;Missy Quillen;Research and Development;E;2019-01-05
19560124-0038;Bonita Graf;Customer Service;E;2003-09-06
19521014-9703;Leandro Ballinger;Tech Support;Dalarnas län;2009-07-17
19331203-9401;Venetta Holden;Customer Service;W;2019-07-02
19090702-8989;Bernardine Vancamp;Quality Assurance;AB;2002-10-30
19971225-4458;Annabel Madrigal;Payroll;Östergötlands län;2011-04-07
19831107-9035;Gayle Benny;Accounting;AB;2010-09-10
19210726-3861;Jerrie Echavarria;Customer Service;Västra Götalands län;2019-01-31
19970420-9627;Esteban Sciacca;Quality Assurance;Stockholms län;2002-08-08
19570911-1985;Alisa Cullum;Tech Support;Västra Götalands län;2011-08-22
19070808-0403;Cornell Wootton;Finances;Dalarnas län;2012-04-04
19170519-3218;Alva Griffieth;Asset Management;Östergötlands län;2005-04-17
19010819-2329;Karyl Redmon;Finances;Jönköpings län;2008-01-18
19590129-6573;Dian Kash;Research and Development;Västra Götalands län;2013-03-28
19590301-2986;Brady Connery;Customer Relations;AB;2011-07-07
19120609-9770;Wava Aleman;Payroll;Västra Götalands län;2015-12-02
19861128-5319;Dia Braziel;Public Relations;AB;2015-12-30
19910603-3898;Tish Polzin;Finances;Jönköpings län;2014-03-26
19430421-7062;Elijah Kamrowski;Research and Development;W;2014-03-06
19581208-8580;Laurine Carrozza;Advertising;AB;2015-04-22
19260513-6767;Homer Lambdin;Quality Assurance;Stockholms län;2008-03-02
19631211-5626;Casimira Aleshire;Finances;F;2009-04-13
19150611-0228;Latosha Mccullers;Research and Development;AB;2020-06-02
19220713-2859;Jama Naval;Payroll;Stockholms län;2009-09-15
19440317-3653;Trey Gajewski;Public Relations;AB;2006-09-10
19720101-6040;Tatiana Grado;Asset Management;Stockholms län;2007-06-02
19211112-1832;Claud Lambros;Asset Management;Västra Götalands län;2019-04-14
19290222-0009;Luella Avey;Payroll;Stockholms län;2001-04-28
19860229-0283;Ada Pothier;Quality Assurance;X;2004-08-18
19280423-2912;Gabrielle Dycus;Accounting;AB;2019-07-18
19740121-9956;Alberto Meneses;Public Relations;Västra Götalands län;2012-01-29
19920124-7088;Josphine Barberio;Public Relations;Västra Götalands län;2017-07-02
19351010-4809;Jeanene Bowers;Quality Assurance;Östergötlands län;2003-12-15
19020802-9777;Jeremy Segawa;Public Relations;Östergötlands län;2001-08-13
19870108-6665;Catherina Spradley;Payroll;AB;2005-03-08
19371217-0863;Cyndy Shaughnessy;Research and Development;Stockholms län;2010-07-15
19411205-6389;Elly Beliveau;Legal Department;O;2002-11-07
19070830-6105;Mary Danforth;Advertising;AB;2020-07-11
19820925-9665;Myrna Mcfaul;Media Relations;O;2017-09-07
19420327-3075;Clarita Collelo;Human Resources;Stockholms län;2003-07-19
19511011-5622;Clifton Closson;Sales and Marketing;O;2005-04-01
19350604-9893;Leo Magwood;Customer Relations;Västra Götalands län;2018-12-19
19200407-8586;Ross Archey;Payroll;E;2008-04-13
19021010-6498;Phyllis Kimler;Tech Support;Stockholms län;2010-03-14
19691119-9289;Nieves Dewall;Tech Support;O;2019-06-29
19540818-8380;Julissa Plante;Advertising;Stockholms län;2006-05-29
19050427-6031;Marylyn Broadwell;Media Relations;O;2019-08-14
19971012-3135;Cara Alcorn;Asset Management;Jönköpings län;2004-12-07
19460718-2823;Larisa Kidney;Asset Management;X;2004-11-07
19540508-9367;Merle Christon;Legal Department;AB;2001-10-03
19920319-5194;Winston Carbonaro;Payroll;Jönköpings län;2019-10-31
19560222-6655;Edna Gathright;Sales and Marketing;Västra Götalands län;2019-07-10
19350324-6476;Lore Hopper;Quality Assurance;AB;2004-09-11
19240422-5738;Melody Gobin;Finances;O;2018-07-13
19680420-4730;Tonya Gero;Customer Service;Jönköpings län;2019-09-23
19730126-3088;Birdie Mccarthy;Media Relations;AB;2010-07-13
19991102-7853;Penelope Brassard;Finances;AB;2001-12-11
19180211-1417;Tenisha Large;Legal Department;F;2003-02-25
19061003-7897;Melvin Gehlert;Customer Service;O;2011-12-08
19430422-9877;Evelia Mauck;Advertising;Västra Götalands län;2001-10-22
19820110-6419;Dakota Chasse;Quality Assurance;AB;2004-10-23
19450621-8223;Daniell Edlund;Asset Management;Östergötlands län;2021-01-03
19570405-5184;Anabel Slemp;Public Relations;O;2001-12-18
19130525-4011;Carlita Bevil;Public Relations;Stockholms län;2019-02-26
19360814-5748;Armando Nabors;Asset Management;E;2015-11-01
19590619-5986;Diedra Knuckles;Accounting;AB;2019-01-15
19460502-4308;Kathyrn Kale;Sales and Marketing;X;2002-10-25
19100908-7121;Nubia Kester;Media Relations;O;2019-01-08
19531118-9020;Carole Maney;Quality Assurance;AB;2006-04-17
19120901-3455;Cortney Hermanson;Public Relations;Stockholms län;2010-08-19
19700807-8441;Jannie Baine;Asset Management;Stockholms län;2010-03-01
19990903-3194;Dorthy Overly;Asset Management;F;2007-04-19
19310802-6554;Lasonya Sines;Customer Relations;Stockholms län;2002-03-19
19230414-0276;Sherrell Hurst;Quality Assurance;Jönköpings län;2011-09-25
19130426-6495;Isabel Cookson;Legal Department;Dalarnas län;2018-09-26
19240420-1424;Diane Brigance;Legal Department;Jönköpings län;2011-03-21
19881025-8221;Sheridan Ruppe;Legal Department;F;2010-02-08
19190813-1809;Shenika Beirne;Tech Support;W;2013-07-03
19071126-4333;Jewel Pirtle;Finances;X;2005-06-08
19530406-3794;Becky Welton;Media Relations;X;2019-12-18
19240623-0314;Marivel Karsten;Customer Service;AB;2017-04-21
19771209-6440;Dorine Couey;Advertising;Jönköpings län;2013-12-27
19510825-2379;Shawanna Hunter;Payroll;Västra Götalands län;2015-09-27
19851204-3087;Xuan Stroh;Accounting;O;2000-08-05
19030426-0946;Charity Petrella;Finances;Östergötlands län;2018-09-12
19740712-6130;Missy Christofferso;Customer Service;Västra Götalands län;2005-03-20
19290508-9484;Saturnina Whittlesey;Payroll;Stockholms län;2012-01-24
